GEO.id,Geographic identifier code
GEO.id2,Id2
GEO.display-label,Geographic area name
NAICS.id,2012 NAICS code
NAICS.display-label,Meaning of 2012 NAICS code
CBGROUP.id,"Gender, ethnicity, race, and veteran status code"
CBGROUP.display-label,"Meaning of Gender, ethnicity, race, and veteran status code"
EMPSZFI.id,Employment size of firms code
EMPSZFI.display-label,Meaning of Employment size of firms code
WORKERS.id,Types of workers used code
WORKERS.display-label,Meaning of Types of workers used code
YEAR.id,Year
FIRMPDEMP,Number of firms with paid employees
FIRMPDEMP_PCT,Percent of number of respondent firms with paid employees (%)
RCPPDEMP,"Sales, receipts, or value of shipments of firms with paid employees ($1,000)"
RCPPDEMP_PCT,"Percent of sales, receipts, or value of shipments of respondent firms with paid employees (%)"
EMP,Number of paid employees for pay period including March 12
EMP_PCT,Percent of number of paid employees of respondent employer firms for pay period including March 12 (%)
PAYANN,"Annual payroll ($1,000)"
PAYANN_PCT,Percent of annual payroll of respondent employer firms (%)
FIRMPDEMP_S,Relative standard error of number of firms with paid employees (%)
FIRMPDEMP_PCT_S,Standard error of percent of number of respondent firms with paid employees (%)
RCPPDEMP_S,"Relative standard error of sales, receipts, or value of shipments of firms with paid employees (%)"
RCPPDEMP_PCT_S,"Standard error of percent of sales, receipts, or value of shipments of respondent firms with paid employees (%)"
EMP_S,Relative standard error of number of paid employees for pay period including March 12 (%)
EMP_PCT_S,Standard error of percent of number of paid employees of respondent employer firms for pay period including March 12 (%)
PAYANN_S,Relative standard error of annual payroll (%)
PAYANN_PCT_S,Standard error of percent of annual payroll of respondent employer firms (%)
